-- Drop Statements
Drop Table StudentToTeam
Drop Table AwardsToTeam
Drop Table PosterToStudent
Drop Table MentorToTeam
Drop Table SRSDEvents
Drop Table SRSDToTeam
Drop Table SRSD
Drop Table StudentRegistration
Drop Table Teams
Drop Table MentorRegistration
Drop Table PresentationType
Drop Table Awards 
Drop Table KeynoteSpeaker

--drop view Q1, Q2, Q3ForStudentsApproven, Q3ForStudentsRegistered, Q4, Q5, Q6, Q7, Q8, Q9, Q10, Q11, Q12, Q13, Q14, Q15, Q16, Q17, Q18, Q19, Q20, Q21, Q22, Q23, Q24, Q25, Q26, Q27, Q28, Q29
--drop view Q30, Q31, Q32, Q33, Q34, Q35, Q36, Q37, Q38, Q39, Q40, Q41, Q42, Q43, Q44, Q45, Q46, Q47, Q48, Q49, Q50

-- Creation of Tables for SRSD Database 
CREATE TABLE SRSD
(
  AcademicYear INT NOT NULL,
  CONSTRAINT PK_SRSD PRIMARY KEY CLUSTERED (AcademicYear ASC)
);
INSERT SRSD (AcademicYear) 
VALUES
(2014), (2015), (2016), (2017), (2018), (2019)


CREATE TABLE StudentRegistration
(
  StudentID INT NOT NULL,
  USCID VARCHAR(8) NOT NULL, 
  StudentFName VARCHAR(50) NOT NULL,
  StudentLName VARCHAR(50) NOT NULL,
  Major VARCHAR(50) NOT NULL,
  StudentEmail VARCHAR(50) NOT NULL, 
  Grade VARCHAR(50) NOT NULL,
  CONSTRAINT PK_StudentRegistration PRIMARY KEY CLUSTERED (StudentID ASC)
);



INSERT StudentRegistration(StudentID,USCID,Major,StudentFName,StudentLName,StudentEmail, Grade)
VALUES
(	1	,'Y7854321'	,	'Education'	, 'Tammie'	,'Graves','tgraves@email.sc.edu'	,	'Senior'),
(	2	,'J0395002'	,	'Computer Science'	,'Kareem'	,'Benton'	,'kbenton@email.sc.edu'	,	'Sophomore'	),
(	3	,'T6578453'	,	'Education'	,'Charlene'	,'Vance'	,'cvance@email.sc.edu'	,	'Junior'	),
(	4	,'W2314231'	,	'Communications'	,'Charlene'	,'Rocha'	,'crocha@email.sc.edu'	,	'Freshman'	),
(	5	,'K0098567'	,	'Communications'	,'Sonja'	,'Mac Donald'	,'smacdonald@email.sc.edu'	,	'Junior'	),
(	6	,'A5434212'	,	'Computer Science'	,'Gwendolyn'	,'Russell'	,'grussell@email.sc.edu'	,	'Junior'	),
(	7	,'Q6799874'	,	'English'	,'Stephan'	,'Hill'	,'shill@email.sc.edu'	,	'Senior'	),
(	8	,'R4326578'	,	'Nursing'	,'Maggie'	,'Day'	,'mday@email.sc.edu'	,	'Senior'	),
(	9	,'X3245680'	,	'English'	,'Earnest'	,'Walters'	,'ewalters@email.sc.edu'	,	'Senior'	),
(	10	,'F8978098'	,	'Communications','Zachary'	,'Pratt'	,'zpratt@email.sc.edu'	,	'Junior'	),
(	11	,'L6758645'	,	'Chemistry'	,'Erin'	,'Hinton','ehinton@email.sc.edu',	'Senior'	),
(	12	,'D7788965'	,	'Education'	,'Rodolfo'	,'Collier'	,'rcollier@email.sc.edu'	,	'Junior'	),
(	13	,'N4432123'	,	'Education'	,'Carla'	,'Jackson'	,'cjackson@email.sc.edu'	,	'Junior'	),
(	14	,'C8136517'	,	'Education'	,'Norma'	,'Robles'	,'nrobles@email.sc.edu'	,	'Freshman'	),
(	15	,'B7225176'	,	'Education'	,'Jean'	,'Haynes'	,'jhaynes@email.sc.edu'	,	'Freshman'	),
(	16	,'L7424659'	,	'Computer Science'	,'Tara'	,'Pope'	,'tpope@email.sc.edu'	,	'Sophomore'	),
(	17	,'W2900127'	,	'Education'	,'Kirsten'	,'Brennan'	,'kbrennan@email.sc.edu'	,	'Sophomore'	),
(	18	,'I4350072'	,	'English'	,'Lisa'	,'Huffman'	,'lhuffman@email.sc.edu'	,	'Junior'	),
(	19	,'J5010940'	,	'English'	,'Marie'	,'Diaz'	,'mdiaz@email.sc.edu'	,	'Junior'	),
(	20	,'I3011787'	,	'Education'	,'Devin'	,'Faulkner'	,'dfaulkner@email.sc.edu'	,	'Freshman'	),
(	21	,'E0606924'	,	'Nursing'	,'Shaun'	,'Rosales'	,'srosales@email.sc.edu'	,	'Sophomore'	),
(	22	,'G6450802'	,	'Education'	,'Jose'	,'Gallagher'	,'jgallagher@email.sc.edu'	,	'Junior'	),
(	23	,'H0266438'	,	'Nursing'	,'Tasha'	,'Richardson'	,'trichardson@email.sc.edu'	,	'Junior'	),
(	24	,'J3931985'	,	'Education'	,'Meredith','Hubbard','mhubbard@email.sc.edu'	,	'Freshman'	),
(	25	,'L1564861'	,	'Nursing'	,'Heather','Ross'	,'hross@email.sc.edu','Freshman'	),
(	26	,'M7793234'	,	'Nursing'	,'Sherri'	,'Beck','sbeck@email.sc.edu'	,	'Junior'	),
(	27	,'O7741328'	,	'Nursing'	,'Theodore','Mc Dowell'	,'tmcdowell@email.sc.edu'	,	'Junior'	),
(	28	,'P6199378'	,	'Chemistry'	,'Elton'	,'Ali','eali@email.sc.edu'	,	'Senior'	),
(	29	,'S8623028'	,	'Computer Science'	,'Phillip','Padilla'	,'ppadilla@email.sc.edu'	,	'Freshman'	),
(	30	,'U2420117'	,	'Computer Science'	,'Raymond'	,'Wilkins'	,'rwilkins@email.sc.edu'	,	'Freshman'	),
(	31	,'V6489660'	,	'Chemistry'	,'Alejandro'	,'Long'	,'along@email.sc.edu'	,	'Freshman'	),
(	32	,'Z5129159'	,	'English'	,'Kristina','Conrad'	,'kconrad@email.sc.edu'	,	'Senior'	),
(	33	,'W3842875'	,	'Education'	,'Chandra','Spence'	,'cspense@email.sc.edu'	,	'Sophomore'	),
(	34	,'A7970398'	,	'English'	,'Allen','Ritter'	,'aritter@email.sc.edu'	,	'Freshman'	),
(	35	,'Y1111211'	,	'Education'	,'Myron','Rice'	,'mrice@email.sc.edu','Senior'),
(	36	,'I2711265'	,	'Communications','Lewis','Hoover'	,'lhoover@email.sc.edu'	,	'Sophomore'	),
(	37	,'J5388085'	,	'Education'	,'Laura','Atkinson'	,'latkinson@email.sc.edu',	'Senior'	),
(	38	,'T1621688'	,	'Computer Science','Wallace','Travis','	wtravis@email.sc.edu',	'Junior'	),
(	39	,'H2222421'	,	'Biology','Johnathan'	,'Poole'	,'jpoole@email.sc.edu'	,	'Freshman'	),
(	40	,'H3333213'	,	'Education'	,'Dianna'	,'Harrell'	,'dharrell@email.sc.edu'	,	'Junior'	),
(	41	,'R2091460'	,	'English'	,'Jamal'	,'Turner'	,'jturner@email.sc.edu'	,	'Freshman'	),
(	42	,'C3235493'	,	'Chemistry'	,'Sharon'	,'Ayers'	,'sayers@email.sc.edu'	,	'Senior'	),
(	43	,'X9913336'	,	'Biology'	,'Clifton'	,'Watson'	,'cwatson@email.sc.edu'	,	'Sophomore'	),
(	44	,'V0223422'	,	'Chemistry'	,'Sara'	,'Shah'	,'sshah@email.sc.edu'	,	'Sophomore'	),
(	45	,'J1666522'	,	'English'	,'Trent'	,'Glass'	,'tglass@email.sc.edu'	,	'Junior'	),
(	46	,'L0301038'	,	'Nursing'	,'Victor'	,'Lyons'	,'vlyons@email.sc.edu'	,	'Freshman'	),
(	47	,'L6357929'	,	'Biology'	,'Becky'	,'Villa'	,'bvilla@email.sc.edu'	,	'Junior'	),
(	48	,'M3953077'	,	'English'	,'Chastity'	,'Mills'	,'cmills@email.sc.edu'	,	'Freshman'	),
(	49	,'N3612887'	,	'Communications','Charlene'	,'Singleton','csingleton@email.sc.edu'	,	'Sophomore'	),
(	50	,'B5205980'	,	'Communications','Lana'	,'Villarreal','lvillarreal@email.sc.edu'	,	'Junior'	),
(	51	,'C0727326'	,	'Computer Science','Summer','Torres','storres@email.sc.edu','Sophomore'	),
(	52	,'B9228884' ,	'Biology','Zachary','Powers'	,'zpowers@email.sc.edu'	,	'Senior'	),
(	53	,'A7339606'	,	'Art'	,'Corey'	,'Bonilla'	,'cbonilla@email.sc.edu'	,	'Freshman'	),
(	54	,'A5738889'	,	'Education'	,'Olivia'	,'Berry'	,'oberry@email.sc.edu'	,	'Sophomore'	),
(	55	,'W1931547'	,	'Education'	,'Miriam'	,'Townsend'	,'mtownsend@email.sc.edu'	,	'Sophomore'	),
(	56	,'Y2761332'	,	'Chemistry'	,'Rosa'	,'Compton'	,'rcompton@email.sc.edu'	,	'Sophomore'	),
(	57	,'U2797464'	,	'Computer Science'	,'Marci'	,'House'	,'mhouse@email.sc.edu'	,	'Senior'	),
(	58	,'Y4868255'	,	'Computer Science'	,'Morgan'	,'Weber'	,'mweber@email.sc.edu'	,	'Junior'	),
(	59	,'D0256282'	,	'Chemistry'	,'Gerard'	,'Rich'	,'grich@email.sc.edu'	,	'Senior'	),
(	60	,'F6464532'	,	'Nursing'	,'Paul'	,'Navarro'	,'pnavarro@email.sc.edu'	,	'Sophomore'	),
(	61	,'E0554958'	,	'Education'	,'Kara'	,'Tate'	,'ktate@email.sc.edu'	,	'Freshman'	),
(	62	,'H3482600'	,	'Chemistry'	,'Shane'	,'Mills'	,'smills@email.sc.edu'	,	'Junior'	),
(	63	,'H5348341'	,	'Biology'	,'Stanley'	,'Levine'	,'slevine@email.sc.edu'	,	'Senior'	),
(	64	,'I6257790'	,	'Computer Science'	,'Brendan','Stout'	,'bstout@email.sc.edu'	,	'Senior'	),
(	65	,'K4760537'	,	'Computer Science'	,'Tania','Walton'	,'twalton@email.sc.edu'	,	'Freshman'	),
(	66	,'Q1690890'	,	'Nursing'	,'Victor'	,'Medina'	,'vmedina@email.sc.edu'	,	'Sophomore'	),
(	67	,'R9177487'	,	'English'	,'Abraham'	,'Cline'	,'acline@email.sc.edu'	,	'Sophomore'	),
(	68	,'O3912942'	,	'Computer Science'	,'Julius'	,'Turner'	,'jturner@email.sc.edu'	,	'Freshman'	),
(	69	,'F2949499'	,	'English'	,'Jana'	,'Vega'	,'jvega@email.sc.edu','Junior'	),
(	70	,'L9745598'	,	'Education'	,'Jackie'	,'Crosby'	,'jcrosby@email.sc.edu'	,	'Sophomore'	),
(	71	,'I4384710'	,	'Nursing'	,'Susana'	,'Coffey'	,'scoffey@email.sc.edu'	,	'Senior'	),
(	72	,'D7854018'	,	'Education'	,'Allen'	,'Small'	,'asmall@email.sc.edu'	,	'Freshman'	),
(	73	,'D6707936'	,	'English'	,'Marisa'	,'Ward'	,'mward@email.sc.edu'	,	'Sophomore'	),
(	74	,'V6017193'	,	'Art'	,'Duane'	,'Hubbard'	,'dhubbard@email.sc.edu',	'Freshman'	),
(	75	,'O5559684'	,	'Communications'	,'Elisa'	,'Crane'	,'ecrane4@email.sc.edu'	,	'Freshman'	),
(	76	,'C4668389'	,	'Communications'	,'Lakisha'	,'Spears'	,'lspears@email.sc.edu'	,	'Senior'	),
(	77	,'S6656423'	,	'English'	,'Nakia'	,'Joseph'	,'njoseph@email.sc.edu'	,	'Sophomore'	),
(	78	,'G4850914'	,	'Communications'	,'Ginger'	,'Gilbert'	,'ggilbert@email.sc.edu'	,	'Freshman'	),
(	79	,'W5371566'	,	'Education'	,'Lloyd'	,'Macias'	,'lmacias@email.sc.edu'	,	'Senior'	),
(	80	,'Z1775813'	,	'Art'	,'Clint'	,'Rangel'	,'crangel@email.sc.edu'	,	'Junior'	),
(	81	,'R0456891'	,	'Nursing'	,'Trina'	,'Lara'	,'tlara@email.sc.edu'	,	'Senior'	),
(	82	,'J7176045'	,	'Communications'	,'Tonia'	,'Hogan'	,'thogan@email.sc.edu'	,	'Junior'	),
(	83	,'P1421881'	,	'Communications'	,'Neal'	,'Keller'	,'nkeller@email.sc.edu'	,	'Junior'	),
( 84,'D9572262','English','Bethany','Lozano','blozano@email.sc.edu'	,	'Senior'	), 
( 85 ,'C9580951' , 'Biology' ,'Casey' ,'Bauer' ,'cbauer@email.sc.edu' , 'Freshman' ),
( 86 ,'D2126248' , 'Education' ,'Lindsay' ,'Hebert' ,'lhebert@email.sc.edu' , 'Senior' ),
( 87 ,'A4650240' , 'Computer Science' ,'Rebekah' ,'Estes' ,'restes@email.sc.edu' , 'Senior' ),
( 88 ,'S0656695' , 'Computer Science' ,'Mathew' ,'Whitehead' ,'mwhitehead@email.sc.edu' , 'Sophomore' ),
( 89 ,'Z2873077' , 'Art' ,'Mitchell' ,'Velasquez' ,'mvelasquez@email.sc.edu' , 'Senior' ),
( 90 ,'L6964834' , 'Biology' ,'Jesus' ,'Welch' ,'jwelch@email.sc.edu' , 'Sophomore' ),
( 91 ,'H3664884' , 'Computer Science' ,'Everett' ,'Gillespie' ,'egillespie@email.sc.edu' , 'Sophomore' ),
( 92 ,'I0700621' , 'Nursing' ,'Pete' ,'Lyons' ,'petelyons@email.sc.edu' , 'Junior' ),
( 93 ,'T3185047' , 'Education' ,'Stacy' ,'Lambert' ,'slambert@email.sc.edu' , 'Sophomore' ),
( 94 ,'O4303783' , 'Education' ,'Howard' ,'Black' ,'hblack@email.sc.edu' , 'Sophomore' ),
( 95 ,'D4521207' , 'Nursing' ,'Ted' ,'Cunningham' ,'tcunningham@email.sc.edu' , 'Freshman' ),
( 96 ,'F7721399' , 'Communications','Ray' ,'Maynard' ,'rmaynard@email.sc.edu' , 'Sophomore' ),
( 97 ,'I0697294' , 'Education' ,'Sheryl' ,'Hanna' ,'shanna@email.sc.edu' , 'Junior' ),
( 98 ,'Y8001021' , 'Art' ,'John' ,'Warner' ,'jwarner@email.sc.edu' , 'Junior' ),
( 99 ,'F9033227' , 'Biology' ,'Karl' ,'Mullins' ,'kmullins@email.sc.edu' , 'Sophomore' ),
( 100 ,'A1063634' , 'Education' ,'Tabitha' ,'Horn' ,'thorn@email.sc.edu' , 'Junior' ),
( 101 ,'V7486524' , 'Computer Science' ,'Vicki' ,'Valenzuela' ,'vvalenzulea@email.sc.edu' , 'Senior' ),
( 102 ,'T2300411' , 'Computer Science' ,'Phillip' ,'Sexton' ,'psexton7@email.sc.edu' , 'Junior' ),
( 103 ,'B3311485' , 'Art' ,'Jeannette' ,'Lynn' ,'jlynn@email.sc.edu' , 'Freshman' ),
( 104 ,'I2445770' , 'Art' ,'Guillermo' ,'Howe' ,'ghowe@email.sc.edu' , 'Junior' ),
( 105 ,'O5043762' , 'Computer Science' ,'Chasity' ,'Stein' ,'cstein@email.sc.edu' , 'Freshman' ),
( 106 ,'S5344700' , 'Biology' ,'Cheri' ,'Higgins' ,'chiggins@email.sc.edu' , 'Senior' ),
( 107 ,'C4490700' , 'Biology' ,'Tonia' ,'Obrien' ,'tobrien@email.sc.edu' , 'Sophomore' ),
( 108 ,'W8313623' , 'Biology' ,'Ray' ,'Cobb' ,'rcobb@email.sc.edu' , 'Freshman' ),
( 109 ,'Q9220930' , 'Communications' ,'Gregory' ,'Reeves' ,'greeves@email.sc.edu' , 'Sophomore' ),
( 110 ,'B3199010' , 'Communications' ,'Dianna' ,'Suarez' ,'dsuarez@email.sc.edu' , 'Senior' ),
( 111 ,'O1277776' , 'English' ,'Cody' ,'Greer' ,'cgreer32@email.sc.edu' , 'Sophomore' ),
( 112 ,'W0421479' , 'Education' ,'Melanie' ,'Weiss' ,'mweiss007@email.sc.edu' , 'Junior' ),
( 113 ,'I4477602' , 'Communications' ,'Tamiko' ,'Boone' ,' tboone@email.sc.edu' , 'Sophomore' ),
( 114 ,'W0731136' , 'Chemistry' ,'Darrick' ,'Mata' ,'dmata@email.sc.edu' , 'Junior' ),
( 115 ,'R9870781' , 'Chemistry' ,'Monica' ,'Sheppard' ,'msheppard54@email.sc.edu' , 'Senior' ),
( 116 ,'N2911246' , 'Biology' ,'Ashley' ,'Odom' ,'aodom@email.sc.edu' , 'Freshman' ),
( 117 ,'M3044681' , 'English' ,'Brady' ,'Ali' ,'bali@email.sc.edu' , 'Junior' ),
( 118 ,'G2027800' , 'English' ,'Miguel' ,'Grant','mgrant@email.sc.edu' , 'Senior' ),
( 119 ,'Y7030679' , 'Nursing' ,'Danny' ,'Montgomery' ,'dmonty@email.sc.edu' , 'Junior' ),
( 120 ,'V8982703' , 'Education' ,'Omar' ,'O Neill' ,'ooneill@email.sc.edu' , 'Sophomore' ),
( 121 ,'C9573299' , 'Education' ,'Latoya' ,'Wade' ,'lwade@email.sc.edu' , 'Senior' ),
( 122 ,'K1825682' , 'Education' ,'Ichigo' ,'Kurosaki' ,'getsuga@email.sc.edu' , 'Senior' ),
( 123 ,'P2818152' , 'Chemistry' ,'Monkey' ,'Luffy' ,'kingofpirates@email.sc.edu' , 'Senior' ),
( 124 ,'V1188780' , 'Biology' ,'Naruto' ,'Uzumaki' ,'seventhhokage@email.sc.edu' , 'Senior' ),
( 125 ,'Z4420195' , 'Education' ,'Joseph' ,'Joestar' ,'jojo2@email.sc.edu' , 'Senior' ),
( 126 ,'B6172045' , 'Biology' ,'Katsuki' ,'Bakugo' ,'kbakugo@email.sc.edu' , 'Sophomore' ),
( 127 ,'U4848182' , 'Communications' ,'Nick' ,'Jonas' ,'njonas3@email.sc.edu' , 'Senior' ),
( 128 ,'W5013745' , 'Art' ,'Giorno' ,'Giovanna' ,'jojo5@email.sc.edu' , 'Senior' ),
( 129 ,'S2467483' , 'Biology' ,'Rukia' ,'Kuchiki' ,'hakkano@email.sc.edu' , 'Senior' ),
( 130 ,'X4309094' , 'Nursing' ,'Derrick' ,'Stew' ,'dstew@email.sc.edu' , 'Sophomore' ),
( 131 ,'V9103241' , 'Art' ,'Mikasa' ,'Ackerman' ,'mackerman@email.sc.edu' , 'Sophomore' ),
( 132 ,'P0742469' , 'Chemistry' ,'Lucy' ,'Kye' ,'lkye@email.sc.edu' , 'Sophomore' ),
( 133 ,'O7167978' , 'Biology' ,'Russell' ,'Baca' ,'rbaca@email.sc.edu' , 'Senior' ),
( 134 ,'Q9913831' , 'Education' ,'Mayra' ,'Bach' ,'mbach@email.sc.edu' , 'Sophomore' ),
( 135 ,'W3601740' , 'Nursing' ,'Kenyon' ,'Wilson' ,'kwilson@email.sc.edu' , 'Sophomore' ),
( 136 ,'X6235995' , 'Education' ,'Felix' ,'Ingram' ,'fingram@email.sc.edu' , 'Senior' ),
( 137 ,'K1551825' , 'Art' ,'Marlie' ,'Orozco' ,'morozco4@email.sc.edu' , 'Sophomore' ),
( 138 ,'Q5025555' , 'Communications' ,'Dayton' ,'Tran' ,' dtran@email.sc.edu' , 'Sophomore' ),
( 139 ,'T7579894' , 'Chemistry' ,'Beckett' ,'Decker' ,'bdecker@email.sc.edu' , 'Freshman' ),
( 140 ,'T0365275' , 'English' ,'Lucille' ,'Valenzuela' ,'lvalenzuela@email.sc.edu' , 'Senior' ),
( 141 ,'Z9202835' , 'Nursing' ,'Madden' ,'Bowman' ,'mbowman@email.sc.edu' , 'Sophomore' ),
( 142 ,'N3680741' , 'Communications' ,'Sean' ,'Ball' ,'sball@email.sc.edu' , 'Senior' ),
( 143 ,'I4797736' , 'Art' ,'Mekhi' ,'Rivers' ,'mrivers@email.sc.edu' , 'Senior' ),
( 144 ,'L9560922' , 'Education' ,'Caitlin','Pierce' ,'cpierce@email.sc.edu' , 'Senior' ),
( 145 ,'0007416' , 'Chemistry' ,'Titus' ,'Fitzpatrick' ,'tfitzzz@email.sc.edu' , 'Sophomore' ),
( 146 ,'R0659869' , 'Biology' ,'Danielle' ,'Little' ,'dlittle@email.sc.edu' , 'Senior' ),
( 147 ,'I3592156' , 'Computer Science' ,'Autumn' ,'Moses' ,'amoses@email.sc.edu' , 'Junior' ),
( 148 ,'X3731148' , 'Computer Science' ,'Evelyn' ,'Gross' ,'egross@email.sc.edu' , 'Junior' ),
( 149 ,'T0299218' , 'Biology' ,'Noah' ,'Mooney' ,'nmooney8@email.sc.edu' , 'Freshman' ),
( 150 ,'U0231644' , 'Computer Science' ,'Taniya' ,'Potter' ,'tpotter@email.sc.edu' , 'Junior' ),
( 151 ,'N0260800' , 'Education' ,'Dallas' ,'Little' ,'dalittle@email.sc.edu' , 'Sophomore' ),
( 152 ,'F2902181' , 'Communications' ,'Seamus' ,'Chang' ,'schang@email.sc.edu' , 'Senior' ),
( 153 ,'S0284124' , 'English' ,'Mara' ,'Giles' ,'mgiles@email.sc.edu' , 'Sophomore' ),
( 154 ,'Z0083892' , 'Computer Science' ,'Aylin' ,'Moyer' ,'amoyer@email.sc.edu' , 'Junior' ),
( 155 ,'M1746210' , 'English' ,'Tate' ,'Barrera' ,'tbarrera7@email.sc.edu' , 'Junior' ),
( 156 ,'S0629628' , 'Nursing' ,'Alice' ,'Mccormick','amccormick@email.sc.edu', 'Freshman' ),
( 157 ,'A4445520' , 'Nursing' ,'Jerimiah' ,'Kemp' ,'jkemp@email.sc.edu' , 'Sophomore' ),
( 158 ,'H0317800' , 'Education' ,'Jay' ,'Frederick','jfrederick7@email.sc.edu', 'Freshman' ),
( 159 ,'D0712572' , 'Education' ,'Davon' ,'Banks' ,'dbanks@email.sc.edu' , 'Senior' ),
( 160 ,'W6806971' , 'Communications' ,'Lincoln' ,'Mullins' ,'lmullins@email.sc.edu' , 'Junior' ),
( 161 ,'K2010891' , 'Nursing' ,'Kyson' ,'Huynh' ,'khuynh@email.sc.edu' , 'Senior' ),
( 162 ,'T0053880' , 'Communications' ,'Nathan' ,'Carr' ,'ncarr42@email.sc.edu' , 'Sophomore' ),
( 163 ,'F2742313' , 'Biology' ,'Rock' ,'Lee' ,'thegates@email.sc.edu' , 'Junior' ),
( 164 ,'R0497636' , 'Biology' ,'Julie' ,'Diaz' ,'jdiaz@email.sc.edu' , 'Sophomore' ),
( 165 ,'P5986110' , 'English' ,'Haylee' ,'Levine' ,'hlevine67@email.sc.edu' , 'Sophomore' ),
( 166 ,'C9930598' , 'Art' ,'Eren' ,'Yeager' ,'attacktitan@email.sc.edu' , 'Senior' ),
( 167 ,'F4967640' , 'Nursing' ,'Tanjiro' ,'Kamado' ,'slayer@email.sc.edu' , 'Freshman' )




CREATE TABLE Teams
(
  TeamID INT NOT NULL,
  CONSTRAINT PK_Teams PRIMARY KEY CLUSTERED (TeamID ASC),
);



INSERT Teams(TeamID)
VALUES 
(	1	), 
(	2	), 
(	3	), 
(	4	), 
(	5	), 
(	6	), 
(	7	), 
(	8	), 
(	9	),
(	10	), 
(	11	), 
(	12	), 
(	13	), 
(	14	), 
(	15	), 
(	16	), 
(	17	), 
(	18	), 
(	19	), 
(	20	), 
(	21	), 
(	22	), 
(	23	), 
(	24	), 
(	25	), 
(	26	), 
(	27	), 
(	28	), 
(	29	), 
(	30	), 
(	31	), 
(	32	), 
(	33	), 
(	34	), 
(	35	), 
(	36	), 
(	37	), 
(	38	), 
(	39	), 
(	40	), 
(	41	), 
(	42	), 
(	43	), 
(	44	), 
(	45	), 
(	46	), 
(	47	), 
(	48	), 
(	49	), 
(	50	), 
(	51	), 
(	52	), 
(	53	), 
(	54	), 
(	55	), 
(	56	)


CREATE TABLE StudentToTeam
(
  TeamID INT NOT NULL, -- foreign key 
  StudentID INT NOT NULL, -- foreign key  
  CONSTRAINT FK_StudentToTeam_Teams FOREIGN KEY (TeamID) REFERENCES Teams (TeamID),
  CONSTRAINT FK_StudentToTeam_StudentRegistration FOREIGN KEY (StudentID) REFERENCES StudentRegistration(StudentID)
);
Create Nonclustered Index IX_StudentToTeam_TeamID ON StudentToTeam(TeamID); 
Create Nonclustered Index IX_StudentToTeam_StudentID ON StudentToTeam(StudentID);


INSERT StudentToTeam (TeamID,StudentID)
VALUES
(	1	, 	13	),
(	1	, 	39	),
(	1	, 	110	),
(	2	, 	166	),
(	2	, 	97	),
(	2	, 	36	),
(	3	, 	93	),
(	3	, 	24	),
(	3	, 	128	),
(	4	, 	32	),
(	4	, 	61	),
(	4	, 	164	),
(	5	, 	29	),
(	5	, 	96	),
(	5	, 	46	),
(	6	, 	139	),
(	6	, 	83	),
(	6	, 	91	),
(	7	, 	88	),
(	7	, 	150	),
(	7	, 	46	),
(	8	, 	68	),
(	8	, 	60	),
(	8	, 	149	),
(	9	, 	84	),
(	9	, 	94	),
(	9	, 	126	),
(	10	, 	48	),
(	10	, 	112	),
(	10	, 	159	),
(	11	, 	81	),
(	11	, 	25	),
(	11	, 	101	),
(	12	, 	140	),
(	12	, 	23	),
(	12	, 	91	),
(	13	, 	160	),
(	13	, 	46	),
(	13	, 	136	),
(	14	, 	19	),
(	14	, 	63	),
(	14	, 	56	),
(	15	, 	117	),
(	15	, 	51	),
(	15	, 	18	),
(	16	, 	102	),
(	16	, 	26	),
(	16	, 	3	),
(	17	, 	72	),
(	17	, 	165	),
(	17	, 	110	),
(	18	, 	57	),
(	18	, 	38	),
(	18	, 	151	),
(	19	, 	123	),
(	19	, 	159	),
(	19	, 	156	),
(	20	, 	101	),
(	20	, 	8	),
(	20	, 	87	),
(	21	, 	82	),
(	21	, 	7	),
(	21	, 	143	),
(	22	, 	51	),
(	22	, 	159	),
(	22	, 	4	),
(	23	, 	82	),
(	23	, 	91	),
(	23	, 	48	),
(	24	, 	46	),
(	24	, 	129	),
(	24	, 	151	),
(	25	, 	33	),
(	25	, 	133	),
(	25	, 	14	),
(	26	, 	108	),
(	26	, 	144	),
(	26	, 	128	),
(	27	, 	71	),
(	27	, 	85	),
(	27	, 	42	),
(	28	, 	143	),
(	28	, 	125	),
(	28	, 	75	),
(	29	, 	14	),
(	29	, 	57	),
(	29	, 	166	),
(	30	, 	118	),
(	30	, 	58	),
(	30	, 	160	),
(	31	, 	73	),
(	31	, 	94	),
(	31	, 	33	),
(	32	, 	134	),
(	32	, 	48	),
(	32	, 	30	),
(	33	, 	48	),
(	33	, 	133	),
(	33	, 	24	),
(	34	, 	125	),
(	34	, 	91	),
(	34	, 	83	),
(	35	, 	86	),
(	35	, 	167	),
(	35	, 	24	),
(	36	, 	27	),
(	36	, 	90	),
(	36	, 	113	),
(	37	, 	117	),
(	37	, 	142	),
(	37	, 	161	),
(	38	, 	70	),
(	38	, 	112	),
(	38	, 	76	),
(	39	, 	116	),
(	39	, 	92	),
(	39	, 	90	),
(	40	, 	19	),
(	40	, 	91	),
(	40	, 	40	),
(	41	, 	120	),
(	41	, 	81	),
(	41	, 	39	),
(	42	, 	35	),
(	42	, 	5	),
(	42	, 	112	),
(	43	, 	57	),
(	43	, 	144	),
(	43	, 	4	),
(	44	, 	69	),
(	44	, 	139	),
(	44	, 	80	),
(	45	, 	166	),
(	45	, 	69	),
(	45	, 	83	),
(	46	, 	68	),
(	46	, 	20	),
(	46	, 	13	),
(	47	, 	164	),
(	47	, 	135	),
(	47	, 	156	),
(	48	, 	34	),
(	48	, 	32	),
(	48	, 	118	),
(	49	, 	61	),
(	49	, 	51	),
(	49	, 	58	),
(	50	, 	83	),
(	50	, 	119	),
(	50	, 	64	),
(	51	, 	86	),
(	51	, 	157	),
(	51	, 	28	),
(	52	, 	131	),
(	52	, 	32	),
(	52	, 	18	),
(	53	, 	139	),
(	53	, 	140	),
(	53	, 	66	),
(	54	, 	39	),
(	54	, 	10	),
(	54	, 	108	),
(	55	, 	117	),
(	55	, 	134	),
(	55	, 	57	),
(	56	, 	17	),
(	56	, 	6	)


CREATE TABLE Awards -- the same awards are given out each year 
(
  AwardID INT NOT NULL,
  AwardName VARCHAR(50) NOT NULL, 
  CONSTRAINT PK_Awrads PRIMARY KEY CLUSTERED (AwardID ASC)
);



INSERT Awards(AwardID, AwardName)
VALUES 
(	1	,'The Merry Ribbon'),
(	2	,'The Crystal Act Award'),
(	3	,'The Real Engine Grant'),
(	4	,'The Raven Tune Ribbon'),
(	5	,'The Pinnacle Award'),
(	6	,'The Silver Press Award')


CREATE TABLE AwardsToTeam
(
  AwardID INT NOT NULL, -- foreign key 
  TeamID INT NOT NULL, -- foreign key 
  AcademicYear INT NOT NULL, -- foreign key 
  CONSTRAINT FK_AwardsToTeam_Awards FOREIGN KEY (AwardID) REFERENCES Awards(AwardID),
  CONSTRAINT FK_AwardsToTeam_Teams FOREIGN KEY (TeamID) REFERENCES Teams(TeamID), 
  CONSTRAINT FK_AwardsToTeam_SRSD FOREIGN KEY (AcademicYear) REFERENCES SRSD(AcademicYear)
);
-- Indexes for the foreign keys 
Create Nonclustered Index IX_AwardsToTeam_AwardID ON AwardsToTeam(AwardID); 
Create Nonclustered Index IX_AwardsToTeam_TeamID ON AwardsToTeam(TeamID);
Create Nonclustered Index IX_AwardsToTeam_AcademicYear ON AwardsToTeam(AcademicYear);


INSERT AwardsToTeam(AwardID,TeamID,AcademicYear)
VALUES
(	1	,	6	,	2014	),
(	2	,	8	,	2014	),
(	3	,	4	,	2014	),
(	4	,	13	,	2014	),
(	5	,	7	,	2014	),
(	6	,	1	,	2014	),
(	1	,	9	,	2015	),
(	2	,	10	,	2015	),
(	3	,	12	,	2015	),
(	4	,	14	,	2015	),
(	5	,	11	,	2015	),
(	6	,	13	,	2015	),
(	1	,	55	,	2016	),
(	2	,	56	,	2016	),
(	3	,	9	,	2016	),
(	4	,	41	,	2016	),
(	5	,	12	,	2016	),
(	6	,	34	,	2016	),
(	1	,	6	,	2017	),
(	2	,	20	,	2017	),
(	3	,	19	,	2017	),
(	4	,	39	,	2017	),
(	5	,	27	,	2017	),
(	6	,	42	,	2017	),
(	1	,	42	,	2018	),
(	2	,	3	,	2018	),
(	3	,	50	,	2018	),
(	4	,	51	,	2018	),
(	5	,	40	,	2018	),
(	6	,	6	,	2018	),
(	1	,	45	,	2019	),
(	2	,	25	,	2019	),
(	3	,	21	,	2019	),
(	4	,	5	,	2019	),
(	5	,	10	,	2019	),
(	6	,	8	,	2019	)


CREATE TABLE PresentationType
(
  PresentationID INT NOT NULL,
  Presentation VARCHAR(50) NOT NULL, -- hypotheis, issue-based, descriptive, visual arts, innovations/applictions, oral   
  CONSTRAINT PK_PresentationType PRIMARY KEY CLUSTERED (PresentationID ASC)
);



INSERT PresentationType(PresentationID,Presentation)
VALUES 
(	1	,	'Hypothesis-Driven'	), 
(	2	,	'Issue-Based'	), 
(	3	,	'Descriptive'	), 
(	4	,	'Visual Arts'	), 
(	5	,	'Innovation/Application'	), 
(	6	,	'Oral'	), 
(	7	,	'Issue-Based'	), 
(	8	,	'Hypothesis-Driven'	), 
(	9	,	'Descriptive'	), 
(	10	,	'Oral'	), 
(	11	,	'Issue-Based'	), 
(	12	,	'Visual Arts'	), 
(	13	,	'Hypothesis-Driven'	), 
(	14	,	'Innovation/Application'	), 
(	15	,	'Hypothesis-Driven'	), 
(	16	,	'Descriptive'	), 
(	17	,	'Issue-Based'	), 
(	18	,	'Visual Arts'	), 
(	19	,	'Innovation/Application'	), 
(	20	,	'Oral'	), 
(	21	,	'Descriptive'	), 
(	22	,	'Descriptive'	), 
(	23	,	'Issue-Based'	), 
(	24	,	'Oral'	), 
(	25	,	'Descriptive'	), 
(	26	,	'Hypothesis-Driven'	), 
(	27	,	'Hypothesis-Driven'	), 
(	28	,	'Hypothesis-Driven'	), 
(	29	,	'Oral'	), 
(	30	,	'Visual Arts'	), 
(	31	,	'Descriptive'	), 
(	32	,	'Visual Arts'	), 
(	33	,	'Innovation/Application'	), 
(	34	,	'Descriptive'	), 
(	35	,	'Issue-Based'	), 
(	36	,	'Issue-Based'	), 
(	37	,	'Innovation/Application'	), 
(	38	,	'Oral'	), 
(	39	,	'Hypothesis-Driven'	), 
(	40	,	'Descriptive'	), 
(	41	,	'Oral'	), 
(	42	,	'Oral'	), 
(	43	,	'Hypothesis-Driven'	), 
(	44	,	'Visual Arts'	), 
(	45	,	'Visual Arts'	), 
(	46	,	'Issue-Based'	), 
(	47	,	'Descriptive'	), 
(	48	,	'Oral'	), 
(	49	,	'Innovation/Application'	), 
(	50	,	'Innovation/Application'	), 
(	51	,	'Innovation/Application'	), 
(	52	,	'Descriptive'	), 
(	53	,	'Issue-Based'	), 
(	54	,	'Descriptive'	), 
(	55	,	'Descriptive'	), 
(	56	,	'Hypothesis-Driven'	), 
(	57	,	'Visual Arts'	), 
(	58	,	'Innovation/Application'	), 
(	59	,	'Issue-Based'	), 
(	60	,	'Innovation/Application'	), 
(	61	,	'Issue-Based'	), 
(	62	,	'Descriptive'	), 
(	63	,	'Hypothesis-Driven'	), 
(	64	,	'Oral'	), 
(	65	,	'Issue-Based'	), 
(	66	,	'Visual Arts'	), 
(	67	,	'Innovation/Application'	), 
(	68	,	'Hypothesis-Driven'	), 
(	69	,	'Issue-Based'	), 
(	70	,	'Descriptive'	), 
(	71	,	'Hypothesis-Driven'	), 
(	72	,	'Issue-Based'	), 
(	73	,	'Innovation/Application'	), 
(	74	,	'Visual Arts'	), 
(	75	,	'Innovation/Application'	), 
(	76	,	'Issue-Based'	), 
(	77	,	'Visual Arts'	), 
(	78	,	'Oral'	), 
(	79	,	'Issue-Based'	), 
(	80	,	'Descriptive'	), 
(	81	,	'Innovation/Application'	), 
(	82	,	'Hypothesis-Driven'	), 
(	83	,	'Descriptive'	), 
(	84	,	'Innovation/Application'	), 
(	85	,	'Visual Arts'	), 
(	86	,	'Visual Arts'	), 
(	87	,	'Oral'	), 
(	88	,	'Oral'	), 
(	89	,	'Innovation/Application'	), 
(	90	,	'Innovation/Application'	), 
(	91	,	'Oral'	), 
(	92	,	'Visual Arts'	), 
(	93	,	'Oral'	), 
(	94	,	'Visual Arts'	), 
(	95	,	'Oral'	), 
(	96	,	'Hypothesis-Driven'	), 
(	97	,	'Innovation/Application'	), 
(	98	,	'Hypothesis-Driven'	), 
(	99	,	'Hypothesis-Driven'	), 
(	100	,	'Visual Arts'	), 
(	101	,	'Issue-Based'	), 
(	102	,	'Visual Arts'	), 
(	103	,	'Issue-Based'	), 
(	104	,	'Descriptive'	), 
(	105	,	'Hypothesis-Driven'	), 
(	106	,	'Innovation/Application'	), 
(	107	,	'Issue-Based'	), 
(	108	,	'Oral'	), 
(	109	,	'Innovation/Application'	), 
(	110	,	'Visual Arts'	), 
(	111	,	'Oral'	), 
(	112	,	'Issue-Based'	), 
(	113	,	'Issue-Based'	), 
(	114	,	'Hypothesis-Driven'	), 
(	115	,	'Hypothesis-Driven'	), 
(	116	,	'Hypothesis-Driven'	), 
(	117	,	'Descriptive'	), 
(	118	,	'Innovation/Application'	), 
(	119	,	'Visual Arts'	), 
(	120	,	'Oral'	), 
(	121	,	'Hypothesis-Driven'	), 
(	122	,	'Issue-Based'	), 
(	123	,	'Hypothesis-Driven'	), 
(	124	,	'Innovation/Application'	), 
(	125	,	'Issue-Based'	), 
(	126	,	'Hypothesis-Driven'	), 
(	127	,	'Innovation/Application'	), 
(	128	,	'Visual Arts'	), 
(	129	,	'Visual Arts'	), 
(	130	,	'Oral'	), 
(	131	,	'Descriptive'	), 
(	132	,	'Issue-Based'	), 
(	133	,	'Hypothesis-Driven'	), 
(	134	,	'Hypothesis-Driven'	), 
(	135	,	'Descriptive'	), 
(	136	,	'Descriptive'	), 
(	137	,	'Issue-Based'	), 
(	138	,	'Visual Arts'	), 
(	139	,	'Visual Arts'	), 
(	140	,	'Oral'	), 
(	141	,	'Innovation/Application'	), 
(	142	,	'Issue-Based'	), 
(	143	,	'Issue-Based'	), 
(	144	,	'Oral'	), 
(	145	,	'Innovation/Application'	), 
(	146	,	'Issue-Based'	), 
(	147	,	'Descriptive'	), 
(	148	,	'Hypothesis-Driven'	), 
(	149	,	'Visual Arts'	), 
(	150	,	'Issue-Based'	), 
(	151	,	'Descriptive'	), 
(	152	,	'Oral'	), 
(	153	,	'Hypothesis-Driven'	), 
(	154	,	'Visual Arts'	), 
(	155	,	'Oral'	), 
(	156	,	'Issue-Based'	), 
(	157	,	'Hypothesis-Driven'	), 
(	158	,	'Oral'	), 
(	159	,	'Visual Arts'	), 
(	160	,	'Descriptive'	), 
(	161	,	'Innovation/Application'	), 
(	162	,	'Innovation/Application'	), 
(	163	,	'Issue-Based'	), 
(	164	,	'Hypothesis-Driven'	), 
(	165	,	'Issue-Based'	), 
(	166	,	'Visual Arts'	), 
(	167	,	'Visual Arts'	)


CREATE TABLE PosterToStudent
(
  StudentID INT NOT NULL, -- foreign key 
  PresentationID INT NOT NULL, -- foreign key 
  CONSTRAINT FK_PosterToStudent_StudentRegistration FOREIGN KEY (StudentID) REFERENCES StudentRegistration(StudentID),
  CONSTRAINT FK_PosterToStudent_PresentationType FOREIGN KEY (PresentationID) REFERENCES PresentationType(PresentationID)
);
-- Indexes for the foreign keys
Create Nonclustered Index IX_PosterToStudent_StudentID ON PosterToStudent(StudentID); 
Create Nonclustered Index IX_PosterToStudent_PresentationID ON PosterToStudent(PresentationID);


INSERT PosterToStudent(StudentID, PresentationID)
VALUES 
(	1	, 	1	),
(	2	, 	2	),
(	3	, 	3	),
(	4	, 	4	),
(	5	, 	5	),
(	6	, 	6	),
(	7	, 	7	),
(	8	, 	8	),
(	9	, 	9	),
(	10	, 	10	),
(	11	, 	11	),
(	12	, 	12	),
(	13	, 	13	),
(	14	, 	14	),
(	15	, 	15	),
(	16	, 	16	),
(	17	, 	17	),
(	18	, 	18	),
(	19	, 	19	),
(	20	, 	20	),
(	21	, 	21	),
(	22	, 	22	),
(	23	, 	23	),
(	24	, 	24	),
(	25	, 	25	),
(	26	, 	26	),
(	27	, 	27	),
(	28	, 	28	),
(	29	, 	29	),
(	30	, 	30	),
(	31	, 	31	),
(	32	, 	32	),
(	33	, 	33	),
(	34	, 	34	),
(	35	, 	35	),
(	36	, 	36	),
(	37	, 	37	),
(	38	, 	38	),
(	39	, 	39	),
(	40	, 	40	),
(	41	, 	41	),
(	42	, 	42	),
(	43	, 	43	),
(	44	, 	44	),
(	45	, 	45	),
(	46	, 	46	),
(	47	, 	47	),
(	48	, 	48	),
(	49	, 	49	),
(	50	, 	50	),
(	51	, 	51	),
(	52	, 	52	),
(	53	, 	53	),
(	54	, 	54	),
(	55	, 	55	),
(	56	, 	56	),
(	57	, 	57	),
(	58	, 	58	),
(	59	, 	59	),
(	60	, 	60	),
(	61	, 	61	),
(	62	, 	62	),
(	63	, 	63	),
(	64	, 	64	),
(	65	, 	65	),
(	66	, 	66	),
(	67	, 	67	),
(	68	, 	68	),
(	69	, 	69	),
(	70	, 	70	),
(	71	, 	71	),
(	72	, 	72	),
(	73	, 	73	),
(	74	, 	74	),
(	75	, 	75	),
(	76	, 	76	),
(	77	, 	77	),
(	78	, 	78	),
(	79	, 	79	),
(	80	, 	80	),
(	81	, 	81	),
(	82	, 	82	),
(	83	, 	83	),
(	84	, 	84	),
(	85	, 	85	),
(	86	, 	86	),
(	87	, 	87	),
(	88	, 	88	),
(	89	, 	89	),
(	90	, 	90	),
(	91	, 	91	),
(	92	, 	92	),
(	93	, 	93	),
(	94	, 	94	),
(	95	, 	95	),
(	96	, 	96	),
(	97	, 	97	),
(	98	, 	98	),
(	99	, 	99	),
(	100	, 	100	),
(	101	, 	101	),
(	102	, 	102	),
(	103	, 	103	),
(	104	, 	104	),
(	105	, 	105	),
(	106	, 	106	),
(	107	, 	107	),
(	108	, 	108	),
(	109	, 	109	),
(	110	, 	110	),
(	111	, 	111	),
(	112	, 	112	),
(	113	, 	113	),
(	114	, 	114	),
(	115	, 	115	),
(	116	, 	116	),
(	117	, 	117	),
(	118	, 	118	),
(	119	, 	119	),
(	120	, 	120	),
(	121	, 	121	),
(	122	, 	122	),
(	123	, 	123	),
(	124	, 	124	),
(	125	, 	125	),
(	126	, 	126	),
(	127	, 	127	),
(	128	, 	128	),
(	129	, 	129	),
(	130	, 	130	),
(	131	, 	131	),
(	132	, 	132	),
(	133	, 	133	),
(	134	, 	134	),
(	135	, 	135	),
(	136	, 	136	),
(	137	, 	137	),
(	138	, 	138	),
(	139	, 	139	),
(	140	, 	140	),
(	141	, 	141	),
(	142	, 	142	),
(	143	, 	143	),
(	144	, 	144	),
(	145	, 	145	),
(	146	, 	146	),
(	147	, 	147	),
(	148	, 	148	),
(	149	, 	149	),
(	150	, 	150	),
(	151	, 	151	),
(	152	, 	152	),
(	153	, 	153	),
(	154	, 	154	),
(	155	, 	155	),
(	156	, 	156	),
(	157	, 	157	),
(	158	, 	158	),
(	159	, 	159	),
(	160	, 	160	),
(	161	, 	161	),
(	162	, 	162	),
(	163	, 	163	),
(	164	, 	164	),
(	165	, 	165	),
(	166	, 	166	),
(	167	, 	167	)

CREATE TABLE MentorRegistration
(
  MentorID INT NOT NULL,
  MentorFName VARCHAR(50) NOT NULL,
  MentorLName VARCHAR(50) NOT NULL,
  MentorEmail VARCHAR(50) NOT NULL, 
  Department VARCHAR(50) NOT NULL,
  MentorType VARCHAR(50) NOT NULL,
  CONSTRAINT PK_Mentors PRIMARY KEY CLUSTERED (MentorID ASC)
);



INSERT MentorRegistration(MentorID, MentorFName, MentorLName, MentorEmail, Department, MentorType)
VALUES 
(	1	,'Stefanie'	,'Buckley'	,'sbuckley@email.sc.edu'	,'Computer Science'	,'Professor'	),
(	2	,'Sandy'	,'Mc Gee'	,'smcgee@email.sc.edu'	,'Nursing'	,'Graduate Student'	),
(	3	,'Lee'	,'Warren'	,'lwarren@email.sc.edu'	,'Art'	,'Graduate Student'	),
(	4	,'Regina'	,'Forbes'	,'rforbes@email.sc.edu'	,'Business'	,'Professor'	),
(	5	,'Daniel'	,'Kim'	,'dkim@email.sc.edu'	,'English'	,'Professor'	),
(	6	,'Dennis'	,'Nunez'	,'dnunez@email.sc.edu'	,'Education'	,'Graduate Student'	),
(	7	,'Myra'	    ,'Zuniga'	,'mzuniga@email.sc.edu'	,'Communications'	,'Graduate Student'	),
(	8	,'Teddy'	,'Ingram'	,'tingram@email.sc.edu'	,'Chemistry'	,'Graduate Student'	),
(	9	,'Annie'	,'Larson'	,'alarson@email.sc.edu'	,'Biology'	,'Professor'	),
(	10	,'Herman'	,'Anderson'	,'handerson@email.sc.edu'	,'English'	,'Graduate Student'	),
(	11	,'Jennifer'	,'Livingston'	,'jlivingston@email.sc.edu'	,'Communications'	,'Graduate Student'	),
(	12	,'Stefanie'	,'Perez'	,'sperez@email.sc.edu'	,'Communications'	,'Graduate Student'	),
(	13	,'Chastity'	,'Garcia'	,'cgarcia@email.sc.edu'	,'Computer Science'	,'Professor'	),
(	14	,'Evelyn'	,'Stokes'	,'estokes@email.sc.edu'	,'English'	,'Graduate Student'	), 
(	15	,'Jeannie'	,'Daniel'	,'jdaniel@email.sc.edu'	,'Communications'	,'Graduate Student'	),
(	16	,'Rickey'	,'Santos'	,'rsantos@email.sc.edu'	,'Education'	,'Professor'	),
(	17	,'Bobbie'	,'Hurst'	,'bhurst@email.sc.edu'	,'English'	,'Professor'	),
(	18	,'Lesley'	,'Lawson'	,'llawson@email.sc.edu'	,'English'	,'Professor'	),
(	19	,'Shawna'	,'Browning'	,'sbrowning@email.sc.edu','Communications'	,'Professor'	),
(	20	,'Theresa'	,'Ross'	,'tross@email.sc.edu'	,'Art'	,'Professor'	),
(	21	,'Tasha'	,'Hughes'	,'thughes@email.sc.edu','Education'	,'Professor'),
(	22	,'Karla'	,'Hale'	,'khale@email.sc.edu'	,'Chemistry	 '	,'Professor'),
(	23	,'Otis'	,'Holt'	,'oholt@email.sc.edu'	,'Art'	,'Graduate Student'	),
(	24	,'Alisa'	,'Browning'	,'abrowning@email.sc.edu'	,'Education'	,'Graduate Student'	),
(	25	,'Peggy'	,'Donaldson'	,'pdonaldson@email.sc.edu'	,'Communications'	,'Graduate Student'	),
(	26	,'Lisa'	,'Bentley'	,'lbentley@email.sc.edu'	,'Art'	,'Graduate Student'	),
(	27	,'Vicky'	,'Wiley'	,'vwiley@email.sc.edu'	,'Art'	,'Graduate Student'	),
(	28	,'Nicolas'	,'Spence'	,'nspence@email.sc.edu'	,'Nursing'	,'Graduate Student'	),
(	29	,'Miranda'	,'Barnes'	,'mbarnes@email.sc.edu'	,'Computer Science'	,'Graduate Student'	),
(	30	,'Kara'	,'Barry'	,'kbarry@email.sc.edu'	,'Education'	,'Professor'),
(	31	,'Rosemary'	,'Levine'	,'rlevine@email.sc.edu'	,'Nursing'	,'Professor'	),
(	32	,'Ernest'	,'Gamble'	,'egamble@email.sc.edu'	,'Nursing'	,'Graduate Student'	),
(	33	,'Lindsay'	,'Henderson','lhenderson@email.sc.edu'	,'Communications'	,'Professor'	),
(	34	,'Lorenzo'	,'Adams'	,'ladams@email.sc.edu'	,'Communications'	,'Professor'	),
(	35	,'Kakashi '	,'Hatake'	,'khatake@email.sc.edu'	,'Education'	,'Graduate Student'	),
(	36	,'All'	    ,'Might'	,'oneforall@email.sc.edu'	,'Nursing'	,'Graduate Student'	),
(	37	,'Silvers'	,'Rayleigh'	,'onepiece@email.sc.edu'	,'Nursing'	,'Professor'	),
(	38	,'Might'	,'Guy'	    ,'howlyouth@email.sc.edu'	,'Art'	,'Graduate Student'	),
(	39	,'Kisuke' 	,'Urahara'	,'smarterthanaizen@email.sc.edu','Biology'	,'Professor'	),
(	40	,'Silver' 	,'Fang'  	,'sfang@email.sc.edu'	,'Computer Science'	,'Professor'	),
(	41	,'Lisa'	,'Lisa'	,'llisa@email.sc.edu'	,'Education'	,'Graduate Student'	),
(	42	,'John'	,'Wick'	,'jwick@email.sc.edu'	,'Computer Science'	,'Graduate Student'	), 
(	43	,'Johnny','Kage'	,'jkage@email.sc.edu'	,'Nursing'	,'Professor'	),
(	44	,'Ric'	,'Williams'	,'rilliams@email.sc.edu'	,'English'	,'Professor'	),
(	45	,'Tom'	    ,'Miller'	,'tmiller@email.sc.edu'	,'Communications'	,'Professor'	),
(	46	,'Vivian'	,'Tompson'	,'vtompson@email.sc.edu'	,'Art'	,'Graduate Student'	),
(	47	,'Ahja'	    ,'Vice' 	,'avice@email.sc.edu'	,'Communications'	,'Graduate Student'	),
(	48	,'Jiraiya'	,'Sensei'	,'toadsage@email.sc.edu'	,'Biology'	,'Professor'	),
(	49	,'Dio'	    ,'Brando'	,'mudamuda@email.sc.edu'	,'Education'	,'Professor'	),
(	50	,'Johnathan','Joestar'	,'jojo@email.sc.edu'	,'Chemistry'	,'Professor'	),
(	51	,'Ava'	,'Carlie'	,'acharlie@email.sc.edu'	,'Biology'	,'Professor'	),
(	52	,'Madara'	,'Uchiha'	,'muchiha@email.sc.edu'	,'Education'	,'Graduate Student'	),
(	53	,'Declan'	,'Channing'	,'dchanning@email.sc.edu'	,'Computer Science'	,'Graduate Student'	),
(	54	,'Elijah'	,'Carson'	,'ecarson@email.sc.edu'	,'Computer Science'	,'Graduate Student'	),
(	55	,'Wade'	,'Wilson'	,'dpool@email.sc.edu'	,'Biology'	,'Graduate Student'	),
(	56	,'Leon'	,'Kennedy'	,'skennedy@email.sc.edu'	,'Chemistry'	,'Graduate Student'	)



CREATE TABLE MentorToTeam
(
  MentorID INT NOT NULL, -- foreign key 
  TeamID INT NOT NULL, -- foreign key 
  CONSTRAINT FK_MentorToTeam_MentorRegistration FOREIGN KEY (MentorID) REFERENCES MentorRegistration(MentorID),
  CONSTRAINT FK_MentorToTeams_Teams FOREIGN KEY (TeamID) REFERENCES Teams(TeamID)
);
-- Indexes for the foreign keys 
Create Nonclustered Index IX_MentorToTeam_MentorID ON MentorToTeam(MentorID); 
Create Nonclustered Index IX_MentorToTeam_TeamID ON MentorToTeam(TeamID);



INSERT MentorToTeam (MentorID,TeamID)
VALUES
(	1	,	1	),
(	2	,	2	),
(	3	,	3	),
(	4	,	4	),
(	5	,	5	),
(	6	,	6	),
(	7	,	7	),
(	8	,	8	),
(	9	,	9	),
(	10	,	10	),
(	11	,	11	),
(	12	,	12	),
(	13	,	13	),
(	14	,	14	),
(	15	,	15	),
(	16	,	16	),
(	17	,	17	),
(	18	,	18	),
(	19	,	19	),
(	20	,	20	),
(	21	,	21	),
(	22	,	22	),
(	23	,	23	),
(	24	,	24	),
(	25	,	25	),
(	26	,	26	),
(	27	,	27	),
(	28	,	28	),
(	29	,	29	),
(	30	,	30	),
(	31	,	31	),
(	32	,	32	),
(	33	,	33	),
(	34	,	34	),
(	35	,	35	),
(	36	,	36	),
(	37	,	37	),
(	38	,	38	),
(	39	,	39	),
(	40	,	40	),
(	41	,	41	),
(	42	,	42	),
(	43	,	43	),
(	44	,	44	),
(	45	,	45	),
(	46	,	46	),
(	47	,	47	),
(	48	,	48	),
(	49	,	49	),
(	50	,	50	),
(	51	,	51	),
(	52	,	52	),
(	53	,	53	),
(	54	,	54	),
(	55	,	55	),
(	56	,	56	)



CREATE TABLE KeynoteSpeaker
(
  KeynoteID INT NOT NULL,
  SpeakerFName VARCHAR(50) NULL,
  SpeakerLName VARCHAR(50) NULL,
  Profession VARCHAR(50) NULL, 
  Degree VARCHAR(6) NULL, 
  University VARCHAR(50) NULL, 
  CONSTRAINT PK_KeynoteSpeaker PRIMARY KEY CLUSTERED (KeynoteID ASC)
);

INSERT KeynoteSpeaker (KeynoteID, SpeakerFName, SpeakerLName, Profession, Degree, University)
VALUES 
(	1	, 'Sam','Jones','Professor','PhD','Clemson University'),
(	2	,'Joe'	,'Turner','Professor', 'PhD','Harvard University'),
(	3	,'Alex','Davis','Professor','PhD','University of South Carolina, Columbia'),
(	4	,'Maylee'	,'Moreno','Professor','PhD','University of South Carolina, Beaufort	'),
(	5	,'Jennifer'	,'Huezo','Professor', 'PhD','Columbia University'),
(	6	,'John','Coggeshall','Professor','PhD','University of South Carolina, Aiken')



CREATE TABLE SRSDEvents
(
  EventID INT NOT NULL,
  KeynoteID INT NULL, -- foreign key 
  EventName VARCHAR(75) NOT NULL,
  EventDate VARCHAR(75) NOT NULL,
  EventLocation VARCHAR(75) NOT NULL,
  AcademicYear INT NOT NULL, -- foreign key 
  CONSTRAINT PK_SRSDEvents PRIMARY KEY CLUSTERED (EventID ASC),
  CONSTRAINT FK_SRSDEvents_KeynoteSpeaker FOREIGN KEY (KeynoteID) REFERENCES KeynoteSpeaker(KeynoteID),
  CONSTRAINT FK_SRSDEvents_SRSD FOREIGN KEY (AcademicYear) REFERENCES SRSD(AcademicYear),
);
-- Indexes for the foreign keys 
Create Nonclustered Index IX_SRSDEvents_KeynoteID ON SRSDEvents(KeynoteID); 
Create Nonclustered Index IX_SRSDEvents_AcademicYear ON SRSDEvents(AcademicYear);



INSERT SRSDEvents(EventID,KeynoteID,EventName,EventDate,EventLocation,AcademicYear)
VALUES 
	(	1	,	NULL	,'Oral Presentations on Student Scholarship in the Humanities'	,'4/20/2014 10:00:00'	,'Recreation Center Gymnasium'	,	2014	), 
	(	2	,	NULL	,'Lunch for Presenters and Judges'	,'4/20/2014 12:00:00'	,'Recreation Center Gymnasium'	,	2014	), 
	(	3	,	NULL	,'Interdisciplinary Research and Scholarship Public Poster Session'	,'4/20/2014 1:00:00	'	,'Recreation Center Gymnasium'	,	2014	), 
	(	4	,	1	,'Keynote Address'	,'4/20/2014 3:30:00'	,'Recreation Center Gymnasium'	,	2014	), 
	(	5	,	NULL	,'AwardsCeremony'	,'4/20/2014 4:30:00'	,'Recreation Center Gymnasium'	,	2014	), 
	(	6	,	NULL	,'Oral Presentations on Student Scholarship in the Humanities'	,'4/23/2015 10:00:00'	,'Recreation Center Gymnasium'	,	2015	), 
	(	7	,	NULL	,'Lunch for Presenters and Judges'	,'4/23/2015 12:00:00'	,'105 Campus Center'	,	2015	), 
	(	8	,	NULL	,'Interdisciplinary Research and Scholarship Public Poster Session'	,'4/23/2015 1:00:00'	,'Recreation Center Gymnasium'	,	2015	), 
	(	9	,	2	,'Keynote Address'	,'4/23/2015 3:30:00'	,'Recreation Center Gymnasium'	,	2015	), 
	(	10	,	NULL	,'AwardsCeremony'	,'4/23/2015 4:30:00'	,'Recreation Center Gymnasium'	,	2015	),
	(	11	,	NULL	,'Oral Presentations on Student Scholarship in the Humanities'	,'4/19/2016 10:00:00'	,'Recreation Center Gymnasium'	,	2016	), 
	(	12	,	NULL	,'Lunch for Presenters and Judges'	,'4/19/2016 12:00:00'	,'105 Campus Center'	,	2016	), 
	(	13	,	NULL	,'Interdisciplinary Research and Scholarship Public Poster Session'	,'4/19/2016 1:00:00'	,'Recreation Center Gymnasium'	,	2016	), 
	(	14	,	3	,'Keynote Address'	,'4/19/2016 3:30:00'	,'Recreation Center Gymnasium'	,	2016	), 
	(	15	,	NULL	,'AwardsCeremony'	,'4/19/2016 4:30:00'	,'Recreation Center Gymnasium'	,	2016	), 
	(	16	,	NULL	,'Oral Presentations on Student Scholarship in the Humanities'	,'4/22/2017 10:00:00'	,'Recreation Center Gymnasium'	,	2017	), 
	(	17	,	NULL	,'Lunch for Presenters and Judges'	,'4/22/2017 12:00:00'	,'105 Campus Center'	,	2017	), 
	(	18	,	NULL	,'Interdisciplinary Research and Scholarship Public Poster Session'	,'4/22/2017 1:00:00'	,'Recreation Center Gymnasium'	,	2017	), 
	(	19	,	4	,'Keynote Address'	,'4/22/2017 3:30:00'	,'Recreation Center Gymnasium'	,	2017	), 
	(	20	,	NULL	,'AwardsCeremony'	,'4/22/2017 4:30:00'	,'Recreation Center Gymnasium'	,	2017	), 
	(	21	,	NULL	,'Oral Presentations on Student Scholarship in the Humanities'	,'4/25/2018 10:00:00'	,'Recreation Center Gymnasium'	,	2018	), 
	(	22	,	NULL	,'Lunch for Presenters and Judges'	,'4/25/2018 12:00:00'	,'105 Campus Center'	,	2018	), 
	(	23	,	NULL	,'Interdisciplinary Research and Scholarship Public Poster Session'	,'4/25/2018 1:00:00'	,'Recreation Center Gymnasium'	,	2018	), 
	(	24	,	5	,'Keynote Address'	,'4/25/2018 3:30:00'	,'Recreation Center Gymnasium'	,	2018	), 
	(	25	,	NULL	,'AwardsCeremony'	,'4/25/2018 4:30:00'	,'Recreation Center Gymnasium'	,	2018	), 
	(	26	,	NULL	,'Oral Presentations on Student Scholarship in the Humanities'	,'4/21/2019 10:00:00'	,'Recreation Center Gymnasium'	,	2019	), 
	(	27	,	NULL	,'Lunch (for presenters and judges)'	,'4/21/2019 12:00:00'	,'105 Campus Center'	,	2019	), 
	(	28	,	NULL	,'Interdisciplinary Research and Scholarship Public Poster Session'	,'4/21/2019 1:00:00'	,'Recreation Center Gymnasium'	,	2019	), 
	(	29	,	6	,'Keynote Address'	,'4/21/2019 3:30:00'	,'Recreation Center Gymnasium'	,	2019	), 
	(	30	,	NULL	,'AwardsCeremony'	,'4/21/2019 4:30:00'	,'Recreation Center Gymnasium'	,	2019	)


CREATE TABLE SRSDToTeam
(
TeamID INT NOT NULL,
AcademicYear INT NOT NULL,
CONSTRAINT FK_SRSDToTeam_TeamID FOREIGN KEY (TeamID) REFERENCES Teams(TeamID),
CONSTRAINT FK_SRSDToTeam_SRSD FOREIGN KEY (AcademicYear) REFERENCES SRSD(AcademicYear),
);
-- Indexes for the foreign keys 
Create Nonclustered Index IX_SRSDToTeam_TeamID ON SRSDToTeam(TeamID); 
Create Nonclustered Index IX_SRSDToTeam_AcademicYear ON SRSDToTeam(AcademicYear);



INSERT SRSDToTeam(TeamID,AcademicYear)
VALUES
(	1	,	2014	),
(	2	,	2014	),
(	3	,	2014	),
(	4	,	2014	),
(	5	,	2014	),
(	6	,	2014	),
(	7	,	2014	),
(	8	,	2014	),
(	9	,	2014	),
(	10	,	2014	),
(	11	,	2014	),
(	12	,	2014	),
(	13	,	2014	),
(	14	,	2014	),
(	15	,	2014	),
(	16	,	2014	),
(	17	,	2014	),
(	18	,	2014	),
(	19	,	2014	),
(	20	,	2014	),
(	21	,	2014	),
(	22	,	2014	),
(	23	,	2014	),
(	24	,	2014	),
(	25	,	2014	),
(	26	,	2014	),
(	27	,	2014	),
(	28	,	2014	),
(	29	,	2014	),
(	30	,	2014	),
(	31	,	2014	),
(	32	,	2014	),
(	33	,	2014	),
(	34	,	2014	),
(	35	,	2014	),
(	36	,	2014	),
(	37	,	2014	),
(	38	,	2014	),
(	39	,	2014	),
(	40	,	2014	),
(	41	,	2014	),
(	42	,	2014	),
(	43	,	2014	),
(	44	,	2014	),
(	45	,	2014	),
(	46	,	2014	),
(	47	,	2014	),
(	48	,	2014	),
(	49	,	2014	),
(	50	,	2014	),
(	51	,	2014	),
(	52	,	2014	),
(	53	,	2014	),
(	54	,	2014	),
(	55	,	2014	),
(	56	,	2014	),
(	1	,	2015	),
(	2	,	2015	),
(	3	,	2015	),
(	4	,	2015	),
(	5	,	2015	),
(	6	,	2015	),
(	7	,	2015	),
(	8	,	2015	),
(	9	,	2015	),
(	10	,	2015	),
(	11	,	2015	),
(	12	,	2015	),
(	13	,	2015	),
(	14	,	2015	),
(	15	,	2015	),
(	16	,	2015	),
(	17	,	2015	),
(	18	,	2015	),
(	19	,	2015	),
(	20	,	2015	),
(	21	,	2015	),
(	22	,	2015	),
(	23	,	2015	),
(	24	,	2015	),
(	25	,	2015	),
(	26	,	2015	),
(	27	,	2015	),
(	28	,	2015	),
(	29	,	2015	),
(	30	,	2015	),
(	31	,	2015	),
(	32	,	2015	),
(	33	,	2015	),
(	34	,	2015	),
(	35	,	2015	),
(	36	,	2015	),
(	37	,	2015	),
(	38	,	2015	),
(	39	,	2015	),
(	40	,	2015	),
(	41	,	2015	),
(	42	,	2015	),
(	43	,	2015	),
(	44	,	2015	),
(	45	,	2015	),
(	46	,	2015	),
(	47	,	2015	),
(	48	,	2015	),
(	49	,	2015	),
(	50	,	2015	),
(	51	,	2015	),
(	52	,	2015	),
(	53	,	2015	),
(	54	,	2015	),
(	55	,	2015	),
(	56	,	2015	),
(	1	,	2016	),
(	2	,	2016	),
(	3	,	2016	),
(	4	,	2016	),
(	5	,	2016	),
(	6	,	2016	),
(	7	,	2016	),
(	8	,	2016	),
(	9	,	2016	),
(	10	,	2016	),
(	11	,	2016	),
(	12	,	2016	),
(	13	,	2016	),
(	14	,	2016	),
(	15	,	2016	),
(	16	,	2016	),
(	17	,	2016	),
(	18	,	2016	),
(	19	,	2016	),
(	20	,	2016	),
(	21	,	2016	),
(	22	,	2016	),
(	23	,	2016	),
(	24	,	2016	),
(	25	,	2016	),
(	26	,	2016	),
(	27	,	2016	),
(	28	,	2016	),
(	29	,	2016	),
(	30	,	2016	),
(	31	,	2016	),
(	32	,	2016	),
(	33	,	2016	),
(	34	,	2016	),
(	35	,	2016	),
(	36	,	2016	),
(	37	,	2016	),
(	38	,	2016	),
(	39	,	2016	),
(	40	,	2016	),
(	41	,	2016	),
(	42	,	2016	),
(	43	,	2016	),
(	44	,	2016	),
(	45	,	2016	),
(	46	,	2016	),
(	47	,	2016	),
(	48	,	2016	),
(	49	,	2016	),
(	50	,	2016	),
(	51	,	2016	),
(	52	,	2016	),
(	53	,	2016	),
(	54	,	2016	),
(	55	,	2016	),
(	56	,	2016	),
(	1	,	2017	),
(	2	,	2017	),
(	3	,	2017	),
(	4	,	2017	),
(	5	,	2017	),
(	6	,	2017	),
(	7	,	2017	),
(	8	,	2017	),
(	9	,	2017	),
(	10	,	2017	),
(	11	,	2017	),
(	12	,	2017	),
(	13	,	2017	),
(	14	,	2017	),
(	15	,	2017	),
(	16	,	2017	),
(	17	,	2017	),
(	18	,	2017	),
(	19	,	2017	),
(	20	,	2017	),
(	21	,	2017	),
(	22	,	2017	),
(	23	,	2017	),
(	24	,	2017	),
(	25	,	2017	),
(	26	,	2017	),
(	27	,	2017	),
(	28	,	2017	),
(	29	,	2017	),
(	30	,	2017	),
(	31	,	2017	),
(	32	,	2017	),
(	33	,	2017	),
(	34	,	2017	),
(	35	,	2017	),
(	36	,	2017	),
(	37	,	2017	),
(	38	,	2017	),
(	39	,	2017	),
(	40	,	2017	),
(	41	,	2017	),
(	42	,	2017	),
(	43	,	2017	),
(	44	,	2017	),
(	45	,	2017	),
(	46	,	2017	),
(	47	,	2017	),
(	48	,	2017	),
(	49	,	2017	),
(	50	,	2017	),
(	51	,	2017	),
(	52	,	2017	),
(	53	,	2017	),
(	54	,	2017	),
(	55	,	2017	),
(	56	,	2017	),
(	1	,	2018	),
(	2	,	2018	),
(	3	,	2018	),
(	4	,	2018	),
(	5	,	2018	),
(	6	,	2018	),
(	7	,	2018	),
(	8	,	2018	),
(	9	,	2018	),
(	10	,	2018	),
(	11	,	2018	),
(	12	,	2018	),
(	13	,	2018	),
(	14	,	2018	),
(	15	,	2018	),
(	16	,	2018	),
(	17	,	2018	),
(	18	,	2018	),
(	19	,	2018	),
(	20	,	2018	),
(	21	,	2018	),
(	22	,	2018	),
(	23	,	2018	),
(	24	,	2018	),
(	25	,	2018	),
(	26	,	2018	),
(	27	,	2018	),
(	28	,	2018	),
(	29	,	2018	),
(	30	,	2018	),
(	31	,	2018	),
(	32	,	2018	),
(	33	,	2018	),
(	34	,	2018	),
(	35	,	2018	),
(	36	,	2018	),
(	37	,	2018	),
(	38	,	2018	),
(	39	,	2018	),
(	40	,	2018	),
(	41	,	2018	),
(	42	,	2018	),
(	43	,	2018	),
(	44	,	2018	),
(	45	,	2018	),
(	46	,	2018	),
(	47	,	2018	),
(	48	,	2018	),
(	49	,	2018	),
(	50	,	2018	),
(	51	,	2018	),
(	52	,	2018	),
(	53	,	2018	),
(	54	,	2018	),
(	55	,	2018	),
(	56	,	2018	),
(	1	,	2019	),
(	2	,	2019	),
(	3	,	2019	),
(	4	,	2019	),
(	5	,	2019	),
(	6	,	2019	),
(	7	,	2019	),
(	8	,	2019	),
(	9	,	2019	),
(	10	,	2019	),
(	11	,	2019	),
(	12	,	2019	),
(	13	,	2019	),
(	14	,	2019	),
(	15	,	2019	),
(	16	,	2019	),
(	17	,	2019	),
(	18	,	2019	),
(	19	,	2019	),
(	20	,	2019	),
(	21	,	2019	),
(	22	,	2019	),
(	23	,	2019	),
(	24	,	2019	),
(	25	,	2019	),
(	26	,	2019	),
(	27	,	2019	),
(	28	,	2019	),
(	29	,	2019	),
(	30	,	2019	),
(	31	,	2019	),
(	32	,	2019	),
(	33	,	2019	),
(	34	,	2019	),
(	35	,	2019	),
(	36	,	2019	),
(	37	,	2019	),
(	38	,	2019	),
(	39	,	2019	),
(	40	,	2019	),
(	41	,	2019	),
(	42	,	2019	),
(	43	,	2019	),
(	44	,	2019	),
(	45	,	2019	),
(	46	,	2019	),
(	47	,	2019	),
(	48	,	2019	),
(	49	,	2019	),
(	50	,	2019	),
(	51	,	2019	),
(	52	,	2019	),
(	53	,	2019	),
(	54	,	2019	),
(	55	,	2019	),
(	56	,	2019	)




--create user [2019_FALL_gmorales] for login [2019_FALL_gmorales]
--create user [2019_FALL_faux_student_01] for login [2019_FALL_faux_student_01]
--create user [2019_FALL_faux_student_02] for login [2019_FALL_faux_student_02]

--grant select on StudentRegistration to [2019_FALL_gmorales]
--grant update on StudentRegistration to [2019_FALL_gmorales] 
--grant insert on StudentRegistration to [2019_FALL_gmorales] 
--grant delete on StudentRegistration to [2019_FALL_gmorales] 

